<?xml version="1.0" encoding="UTF-8"?>
<project-private xmlns="http://www.netbeans.org/ns/project-private/1">
    <editor-bookmarks xmlns="http://www.netbeans.org/ns/editor-bookmarks/2" lastBookmarkId="0"/>
    <open-files xmlns="http://www.netbeans.org/ns/projectui-open-files/2">
        <group>
            <file>file:/F:/java/project_java/perpus/src/perpus/Perpus.java</file>
            <file>file:/F:/java/project_java/perpus/src/perpus/form_menu.java</file>
            <file>file:/F:/java/project_java/perpus/src/perpus/form_login.java</file>
            <file>file:/F:/java/project_java/perpus/src/perpus/form_input.java</file>
            <file>file:/F:/java/project_java/perpus/src/perpus/form_peminjaman.java</file>
        </group>
    </open-files>
</project-private>
